R2,RMSE,MAE,Pearson_r,Spearman_rho,Phenotype,Model,Fold
0.18099667715844392,0.3257539489788836,0.22155511975086367,0.6795144260365568,0.6970966755769257,Phenotype_WheatHead,Ridge,1
-0.1965431007618219,1.006793998010956,0.5421119309001958,0.1421574646654335,0.28094519433133835,Phenotype_WheatHead,Ridge,2
0.720159877588723,0.32268483539815285,0.238430239092687,0.855825074100836,0.7835467939002065,Phenotype_WheatHead,Ridge,3
-13.07952326847639,0.5722127740330725,0.3284114364987347,-0.2145530911316304,-0.3514998201309974,Phenotype_WheatHead,Ridge,4
0.8962526746793855,0.29704550919708556,0.20808540549519394,0.9696670991570897,0.7637626158259735,Phenotype_WheatHead,Ridge,5
0.0674185141809096,0.31487119878315856,0.1824774135607523,0.5634146088645635,0.45074893585520887,Phenotype_WheatHead,Ridge,6
-0.21974728746577377,0.3601011210815308,0.26221565240575573,0.19469175519862925,0.26118226463340216,Phenotype_WheatHead,Ridge,7
0.016928152189880752,2.9224226830428903,1.5925100003829784,0.7352495103428972,0.7102848052045776,Phenotype_WheatHead,Ridge,8
-0.8689517275737189,0.2084791443615953,0.1431075610443734,-0.3204880432893657,-0.24892194409350665,Phenotype_WheatHead,Ridge,9
-2.074168556161878,0.2673790721310812,0.18880604543125173,0.5177752069116781,0.4123930494211612,Phenotype_WheatHead,Ridge,10
-1.0087275724802431,0.5101611438677376,0.42592051361353456,0.6474201539640655,0.5165514464459439,Phenotype_WheatHead,SVR,1
0.32729279267119227,0.7549001031315288,0.5609264895226461,0.6522556033709886,0.8939165274178947,Phenotype_WheatHead,SVR,2
0.31935290348524814,0.5032509034863697,0.35209240058929403,0.6402016141092584,0.7010681840159743,Phenotype_WheatHead,SVR,3
-12.751592231669969,0.5655097106098171,0.4274606751587339,0.5616117547714573,0.4123930494211612,Phenotype_WheatHead,SVR,4
0.06506774890894429,0.8917119917904168,0.7541931395764798,0.4682815982447953,0.7637626158259735,Phenotype_WheatHead,SVR,5
-1.4912735174716962,0.5146361016830989,0.3979366335671667,0.704644802954234,0.7698003589195012,Phenotype_WheatHead,SVR,6
-3.2175866801668507,0.6696094150807771,0.5914801870478879,-0.05144608115598681,0.1787036547491699,Phenotype_WheatHead,SVR,7
-0.12096963779380476,3.1206662579267532,1.8375904279497972,0.3862145922438089,0.30440777365910465,Phenotype_WheatHead,SVR,8
-4.935930734472835,0.37154206118691313,0.28424772200624754,0.7602161373753306,0.5773502691896258,Phenotype_WheatHead,SVR,9
-9.094457176863422,0.4845125812626993,0.42959835674624536,0.6642277211446003,0.5773502691896258,Phenotype_WheatHead,SVR,10
0.35366494093381295,0.28938479886745966,0.2515661128942387,0.6588386733720206,0.5921443410477892,Phenotype_WheatHead,RandomForest,1
-0.09311705003506887,0.9622984328209345,0.5673775760158171,0.6323893786143269,0.6002010969805864,Phenotype_WheatHead,RandomForest,2
-0.04145843614449407,0.6225074255317631,0.4847067858879927,0.270619327997351,0.5361109642475097,Phenotype_WheatHead,RandomForest,3
-17.205073126078087,0.6506685080598779,0.39794392976284243,-0.15096318401164718,0.08247860988423225,Phenotype_WheatHead,RandomForest,4
0.6834570391682688,0.5188608067533246,0.38239314297173643,0.9740780685298802,0.7637626158259735,Phenotype_WheatHead,RandomForest,5
0.2992160962745323,0.2729490593376731,0.1929046334002886,0.7532298957866813,0.6735753140545635,Phenotype_WheatHead,RandomForest,6
0.4035819362995796,0.2518053407419669,0.20848675550939483,0.6888741281027727,0.4811252243246882,Phenotype_WheatHead,RandomForest,7
-0.15579410272166694,3.168769414211877,1.775686300882397,0.6939720546428194,0.7356521196761695,Phenotype_WheatHead,RandomForest,8
-0.508533949513055,0.18730144072941746,0.15139300192477204,-0.033725610619045915,0.08247860988423225,Phenotype_WheatHead,RandomForest,9
-4.245676875352397,0.34927245871635365,0.32399005171124395,0.6197921729222758,0.5773502691896258,Phenotype_WheatHead,RandomForest,10
-0.7904468155718949,0.481645569610568,0.3155907354941593,0.7093969557234063,0.7181324987175317,Phenotype_WheatHead,GBR,1
-0.04963415723920517,0.9429646711728408,0.48377490182147115,0.4920139237551795,0.8428355829940151,Phenotype_WheatHead,GBR,2
0.33580040556004387,0.49713331516495646,0.3628909645874957,0.5965827162951165,0.5361109642475097,Phenotype_WheatHead,GBR,3
-45.87507590085228,1.0440818970839523,0.4830504549581208,-0.16556967231720685,-0.4123930494211612,Phenotype_WheatHead,GBR,4
0.9074107639234248,0.2806175230514479,0.219300689208425,0.9808704193648391,0.7637626158259735,Phenotype_WheatHead,GBR,5
0.1974648869600002,0.2920932792621333,0.1910141935894563,0.7486537352307601,0.7744238260686875,Phenotype_WheatHead,GBR,6
-1.5028745186390764,0.5158329513486692,0.3543295830414497,-0.08006048400964591,0.24743582965269675,Phenotype_WheatHead,GBR,7
-0.3122996450745703,3.3765011818818564,1.8527650927268682,0.17314257866430133,0.3805097170738808,Phenotype_WheatHead,GBR,8
-1.4180553175568962,0.23713556308836156,0.177568468490458,0.12171622599187229,0.24743582965269675,Phenotype_WheatHead,GBR,9
-8.70803854758853,0.4751484532550355,0.39238744516473834,-0.33249651791338314,-0.24743582965269675,Phenotype_WheatHead,GBR,10
-0.05235397185863766,0.3692561859701131,0.26406686841187843,0.6029740362107934,0.7505553499465134,Phenotype_WheatHead,MLP,1
-0.21841328406653715,1.0159533273735155,0.5729305167853236,0.518058833123707,0.6802878498708981,Phenotype_WheatHead,MLP,2
0.4497817172611429,0.4524713378305715,0.30195381309912483,0.781664813761029,0.8028965419920908,Phenotype_WheatHead,MLP,3
-7.2506178501848755,0.43803297955601095,0.23789299498095873,-0.18695269494589845,-0.28347335475692037,Phenotype_WheatHead,MLP,4
0.6822323983949982,0.5198635216894502,0.2358056315258642,0.9830895809699531,0.813733471206735,Phenotype_WheatHead,MLP,5
-0.4390371782425675,0.3911339826199303,0.22303706939876378,0.2672612419124244,0.380952380952381,Phenotype_WheatHead,MLP,6
-0.11819406762654516,0.34478481855974163,0.2384177612424902,0.37068442790796335,0.29580398915498085,Phenotype_WheatHead,MLP,7
-0.07024500684139645,3.049242789760372,1.6977225499937965,0.5749706353187096,0.3551424026022888,Phenotype_WheatHead,MLP,8
-0.20595140209044271,0.1674667056811277,0.07667141095012296,-0.21640100230981135,-0.21597969886241555,Phenotype_WheatHead,MLP,9
-0.8931487550483084,0.20982437776843166,0.133943927468751,0.9160266655604563,0.5916079783099616,Phenotype_WheatHead,MLP,10
0.03780966279480891,0.3530834430402879,0.30356706420968493,0.30752110675608524,0.5165514464459439,Phenotype_WheatHead,PNNGS,1
-0.13248089757427972,0.9794716877068715,0.639666583160799,0.28866085461445834,-0.0510809444238797,Phenotype_WheatHead,PNNGS,2
-0.015063250737974654,0.6145682467697713,0.5481299969493281,0.10375178943211746,0.2886751345948129,Phenotype_WheatHead,PNNGS,3
-26.3699859756828,0.7978125454646283,0.44082949547208383,-0.21282978017195722,-0.5773502691896258,Phenotype_WheatHead,PNNGS,4
0.6124831517920143,0.5740898004518402,0.4705136574056472,0.9500057254397859,0.545544725589981,Phenotype_WheatHead,PNNGS,5
0.22037174433542295,0.2878944735951725,0.1856175467503789,0.5949360910594301,0.34366087451763444,Phenotype_WheatHead,PNNGS,6
-0.12871218611761304,0.34640260547030727,0.25639053407409595,0.4246442289196677,0.3574073094983398,Phenotype_WheatHead,PNNGS,7
-0.28049209194193336,3.3353303144474835,1.8926679755772842,0.33370432450253584,-0.07610194341477616,Phenotype_WheatHead,PNNGS,8
-4.13537074260722,0.3455806960573371,0.3288580903479415,-0.027742243315852795,0.08247860988423225,Phenotype_WheatHead,PNNGS,9
-3.438733425342015,0.3212869646626887,0.3014578822939442,0.5534098971860026,0.4123930494211612,Phenotype_WheatHead,PNNGS,10
0.34323635242582207,0.291710062562702,0.25766072426105213,0.700070249408359,0.579545525280815,Phenotype_WheatHead,ResGS,1
-0.08968400118467978,0.9607861448875602,0.6441903298300915,0.10464365807565183,-0.0510809444238797,Phenotype_WheatHead,ResGS,2
0.0246117314467329,0.6024379597334536,0.5259971103756558,0.37705058646085765,0.4948716593053935,Phenotype_WheatHead,ResGS,3
-4.940721321596277,0.37169195727911924,0.3527025743062968,-0.13772303922855797,-0.4123930494211612,Phenotype_WheatHead,ResGS,4
-50.83312710967371,6.6395438245130265,2.662388865545042,-0.04674119646954494,0.5143707412705535,Phenotype_WheatHead,ResGS,5
0.09300189264593839,0.3105222564452647,0.2798778838481232,0.7877925868739303,0.728561053977385,Phenotype_WheatHead,ResGS,6
-0.7188653688666222,0.42747475667042895,0.3700922734225671,-0.10939785469406949,-0.013746434980705378,Phenotype_WheatHead,ResGS,7
-0.2705966241551281,3.322417831296919,1.8926679755772842,0.33370432450253584,-0.07610194341477616,Phenotype_WheatHead,ResGS,8
-7.081451499090708,0.43351912278403304,0.40201809433508245,-0.027742243315852795,0.08247860988423225,Phenotype_WheatHead,ResGS,9
-14.82089765042863,0.606567496180804,0.5985339025975394,0.7999604287477953,0.5773502691896258,Phenotype_WheatHead,ResGS,10
-0.24572056249952268,0.40175119191075365,0.29563640115649853,0.5111671746720708,0.5921443410477892,Phenotype_WheatHead,TabAttention,1
-0.17640786903995975,0.998286975053259,0.5652599262585156,0.09525457175913758,0.42141779149700753,Phenotype_WheatHead,TabAttention,2
0.47010659238110797,0.44403563358468157,0.35646518025129886,0.6917894973625112,0.7010681840159743,Phenotype_WheatHead,TabAttention,3
-11.997247603293857,0.549780421681688,0.33454612100660436,-0.23461494174625616,-0.42257712736425823,Phenotype_WheatHead,TabAttention,4
-433.7138542379871,19.228095792942753,7.024486074071395,-0.16053277548256067,0.5174600828085403,Phenotype_WheatHead,TabAttention,5
-0.10759115786970552,0.34314627038532114,0.2038310920739046,0.26657748827658456,0.30988989340045614,Phenotype_WheatHead,TabAttention,6
-1.707988544464846,0.536553403876564,0.38472553979531976,-0.3123504830991304,-0.3526394207991345,Phenotype_WheatHead,TabAttention,7
0.13477007656377538,2.7416762238214396,1.274827130116774,0.527889437317276,0.494662632196045,Phenotype_WheatHead,TabAttention,8
0.5332754451912634,0.10418228989294162,0.059552022755806365,0.7938514628627121,0.6151246852292455,Phenotype_WheatHead,TabAttention,9
-6.983001933137025,0.43087043088268884,0.3780676203788446,0.44892349230780487,0.4123930494211612,Phenotype_WheatHead,TabAttention,10
0.235356697430411,0.41933052680671706,0.32058321173362553,0.8452216835467441,0.5773502691896258,Phenotype_WheatStem,Ridge,1
0.6390063337219365,0.4409889300109671,0.31903358991587455,0.8466534268687393,0.7325886315065459,Phenotype_WheatStem,Ridge,2
0.8588142693921705,0.32516051573863936,0.2964911532634419,0.9730002445126088,0.9132233209773138,Phenotype_WheatStem,Ridge,3
0.7658618946625361,0.39077096306503795,0.3458855511441924,0.9123830665205794,0.9132233209773138,Phenotype_WheatStem,Ridge,4
0.7813596449546688,0.37400944172652417,0.3368104203172558,0.9283797262949811,0.9132233209773138,Phenotype_WheatStem,Ridge,5
0.6779889463451609,0.42812117605146444,0.33393482489853427,0.9504057032613032,0.8117540630909458,Phenotype_WheatStem,Ridge,6
0.6538777446555819,0.4471461551481787,0.38101915630322897,0.8119871429432498,0.8045248746761052,Phenotype_WheatStem,Ridge,7
0.7603465480915854,0.5293496912783026,0.4366651673503665,0.9292827009875817,0.8878560065057218,Phenotype_WheatStem,Ridge,8
0.6626328148715491,0.4377637269559297,0.37814007870024025,0.9008333770612198,0.7910398521054723,Phenotype_WheatStem,Ridge,9
0.5770473809702859,0.49673926468366486,0.46008750043442836,0.8963696113909576,0.8371213775625378,Phenotype_WheatStem,Ridge,10
-0.7921205392080022,0.6419639548364672,0.5236178290706641,0.6239934147436399,0.5773502691896258,Phenotype_WheatStem,SVR,1
0.5631877162843658,0.485093346555037,0.43922985671223647,0.8738446723280939,0.7637626158259735,Phenotype_WheatStem,SVR,2
0.7210735095710991,0.4570327082460693,0.376674508237604,0.8886731552919815,0.8624886920341298,Phenotype_WheatStem,SVR,3
0.6784273181380475,0.45795816779684384,0.3712961563405513,0.8751509146484395,0.8624886920341298,Phenotype_WheatStem,SVR,4
0.5983129775645981,0.5069455375026013,0.4727750973369136,0.9095728304189109,0.9132233209773138,Phenotype_WheatStem,SVR,5
0.7190551117570418,0.39989123675133453,0.31071729868402465,0.9558803176079418,0.8117540630909458,Phenotype_WheatStem,SVR,6
0.4322025587728744,0.5727056317680635,0.5316613448551373,0.7243841816783256,0.7279034580402857,Phenotype_WheatStem,SVR,7
0.590158800081968,0.6922430861867489,0.5914719914101061,0.8824508535034581,0.8624886920341298,Phenotype_WheatStem,SVR,8
0.4947330222634798,0.5357335097752384,0.46975509463000076,0.7795059143524111,0.7637626158259734,Phenotype_WheatStem,SVR,9
0.22284863257470378,0.6733415874999154,0.6285830546924666,0.508123644446058,0.3551424026022888,Phenotype_WheatStem,SVR,10
-0.7860818610331435,0.6408814704880509,0.575171363979649,0.5214966050973747,0.5773502691896258,Phenotype_WheatStem,RandomForest,1
0.05611358096452812,0.7130791945444186,0.6430999849924982,0.3810227119851265,0.48319675695112596,Phenotype_WheatStem,RandomForest,2
0.48964723707581603,0.6182122921811632,0.511907060124635,0.7182666891304168,0.6595501762613933,Phenotype_WheatStem,RandomForest,3
0.29467064235807006,0.6782381517115476,0.5941287242107417,0.5849641099717555,0.6976011479687815,Phenotype_WheatStem,RandomForest,4
0.13679700686774066,0.7431455349603788,0.6994675190797034,0.37322877560925183,0.20293851577273644,Phenotype_WheatStem,RandomForest,5
0.2728932956484389,0.6433249491467335,0.5277000978500089,0.8425718516926903,0.8624886920341298,Phenotype_WheatStem,RandomForest,6
0.21063989624934798,0.6752620213163277,0.637967787303565,0.4661554773437273,0.48526897202685704,Phenotype_WheatStem,RandomForest,7
0.44045244543632334,0.8088524787414424,0.7447851909120031,0.7464487597580238,0.6849174907329854,Phenotype_WheatStem,RandomForest,8
-0.026182813501952396,0.7634853758075224,0.6909914390995713,0.11560483314610237,-0.1091089451179962,Phenotype_WheatStem,RandomForest,9
-0.2586959675538547,0.8569254697804644,0.7926095734069178,-0.19318339046229333,-0.36782605983808475,Phenotype_WheatStem,RandomForest,10
-0.1393058407804202,0.5118552913129757,0.38071337303810937,0.6466300253026398,0.5773502691896258,Phenotype_WheatStem,GBR,1
0.2690915738720491,0.6274937158777272,0.4510834160463857,0.5200254993231821,0.4520227726316985,Phenotype_WheatStem,GBR,2
0.300112541037281,0.7239632262483592,0.5825433053033556,0.5946751147191464,0.6595501762613933,Phenotype_WheatStem,GBR,3
-0.6704164642516661,1.0437551138936438,0.8813369050616954,-0.23067043763497236,-0.22830583024432846,Phenotype_WheatStem,GBR,4
-0.27094185801000115,0.901737738406785,0.8068675303501307,0.0941585858214957,0.2790404591875126,Phenotype_WheatStem,GBR,5
0.6014508141768695,0.47629089884817455,0.3489149778826088,0.8380763333425616,0.8624886920341298,Phenotype_WheatStem,GBR,6
0.3869196825282025,0.595104761482857,0.5343314003538868,0.6452251693074902,0.6385118052984962,Phenotype_WheatStem,GBR,7
0.35797464151873215,0.8664168916850414,0.7209030059040262,0.6183083239332314,0.520029946667637,Phenotype_WheatStem,GBR,8
0.02799796321833048,0.7430566783766042,0.6430273962703038,0.23734877764412607,0.2454951265154914,Phenotype_WheatStem,GBR,9
-0.1744173165072065,0.8277398307579787,0.666334289088255,0.2689775789222976,0.6214992045540053,Phenotype_WheatStem,GBR,10
0.3138477015721297,0.3972256610722082,0.25381482043495107,0.8292572805125576,0.5773502691896258,Phenotype_WheatStem,MLP,1
0.660521084236801,0.42764588735573783,0.2738424463425867,0.8444148605691386,0.7325886315065459,Phenotype_WheatStem,MLP,2
0.8979842219867076,0.2763987495656206,0.2389798467571798,0.9838362208465089,0.8624886920341298,Phenotype_WheatStem,MLP,3
0.8617862389724129,0.3002353864390064,0.21348465939820202,0.9588683079118334,0.9132233209773138,Phenotype_WheatStem,MLP,4
0.8455517769359742,0.31434666852405513,0.28822673529310183,0.9678834057340326,0.938590635448906,Phenotype_WheatStem,MLP,5
0.6818032249860282,0.42557803660251564,0.2985902038414775,0.9384450798003612,0.8624886920341298,Phenotype_WheatStem,MLP,6
0.7692259080144737,0.3651138131781844,0.3078783522010151,0.8795134174869275,0.8045248746761052,Phenotype_WheatStem,MLP,7
0.7345235044176648,0.557139381545882,0.42831738066267144,0.8981208080955061,0.8878560065057218,Phenotype_WheatStem,MLP,8
0.7855504967532791,0.349020452024193,0.3064621472020126,0.9577517304001842,0.8728715609439696,Phenotype_WheatStem,MLP,9
0.483618827827182,0.5488678975856035,0.4141885277174143,0.8541517133182486,0.8371213775625378,Phenotype_WheatStem,MLP,10
-1.1066628948946464,0.6960245500745192,0.6947637813431177,0.2624320431336267,0.08247860988423225,Phenotype_WheatStem,PNNGS,1
0.6208417994831943,0.451947640397891,0.26922934682409594,0.9601569050150408,0.7683498199278325,Phenotype_WheatStem,PNNGS,2
0.647698889843749,0.5136406735411823,0.3900867977317378,0.9512282709354086,0.7655901625358508,Phenotype_WheatStem,PNNGS,3
0.7096448155766044,0.435162063880956,0.34258330557113814,0.8454491723969874,0.8624886920341298,Phenotype_WheatStem,PNNGS,4
0.05749759175219338,0.7765307144903238,0.7500003180272694,0.6478124944327753,0.5961318900824132,Phenotype_WheatStem,PNNGS,5
0.5021865650081824,0.5323100017773182,0.3497818529662393,0.7854200471674462,0.8166295067049074,Phenotype_WheatStem,PNNGS,6
0.5712764919373753,0.4976492881079009,0.41585670933224334,0.7727665715191628,0.8045248746761052,Phenotype_WheatStem,PNNGS,7
0.6668295628711401,0.6241429208560337,0.6032521636817969,0.8984331492650466,0.8371213775625378,Phenotype_WheatStem,PNNGS,8
0.4623779997123807,0.5526203461507591,0.42452382925290355,0.8888822067086299,0.7637626158259734,Phenotype_WheatStem,PNNGS,9
0.0037295150932245003,0.7623795932617689,0.7497371204487708,0.07008644944373318,0.03805097170738808,Phenotype_WheatStem,PNNGS,10
-1.823165372635457,0.8057405015318434,0.7576001381986373,0.8756328159369879,0.5773502691896258,Phenotype_WheatStem,ResGS,1
-0.18424290472239457,0.7987268653493034,0.7863383030747167,0.16506284664348753,0.29615285103456107,Phenotype_WheatStem,ResGS,2
-0.07085595505214815,0.8955048225875327,0.8393745911831918,0.3233182773652924,0.1902548585369404,Phenotype_WheatStem,ResGS,3
0.03832639643162383,0.7919542305760165,0.7698712046062821,0.3960914246491975,-0.012683657235796028,Phenotype_WheatStem,ResGS,4
0.37258746699316025,0.6335691158788537,0.5522708455779674,0.8305889257579353,0.938590635448906,Phenotype_WheatStem,ResGS,5
0.0766986812653021,0.7249416429403538,0.7135334627129942,0.676918864022618,0.39319337430967677,Phenotype_WheatStem,ResGS,6
-0.05946736843695288,0.7823093678645671,0.7616268720684245,-0.2173358363460847,-0.42141779149700753,Phenotype_WheatStem,ResGS,7
0.09577266546210017,1.028228495669646,0.820114847061667,0.898057099514306,0.7610194341477616,Phenotype_WheatStem,ResGS,8
-0.03461146190495423,0.7666144429546923,0.7510767904330469,0.019898381077805616,0.13638618139749523,Phenotype_WheatStem,ResGS,9
0.21398887112774234,0.6771688596219456,0.5868020115710525,0.8051099320285,0.7610194341477616,Phenotype_WheatStem,ResGS,10
0.06389399273951413,0.4639696272699358,0.33391198242468834,0.7304696034638999,0.5808178695515156,Phenotype_WheatStem,TabAttention,1
0.15461161458454753,0.6748481085835313,0.3657427889294099,0.44479423730670703,0.17145691375685118,Phenotype_WheatStem,TabAttention,2
0.4366238251947433,0.649533626174135,0.5614166618849101,0.7050217485124947,0.7737030913835576,Phenotype_WheatStem,TabAttention,3
0.6906684362717384,0.44915718765152324,0.33458653788922954,0.8785131264692574,0.8117540630909458,Phenotype_WheatStem,TabAttention,4
0.7523661691118494,0.39803603562936135,0.3564428268679502,0.898351172456527,0.938590635448906,Phenotype_WheatStem,TabAttention,5
0.4785913420822948,0.5447791013287909,0.3742981734153631,0.8317127194303778,0.7356521196761695,Phenotype_WheatStem,TabAttention,6
0.48964146480936244,0.5429657425599858,0.4549757407909398,0.7022595096825225,0.7406736941462555,Phenotype_WheatStem,TabAttention,7
0.4964679315303776,0.7672985669019705,0.6088971139797175,0.7210749851825161,0.7990704058551497,Phenotype_WheatStem,TabAttention,8
0.5102569346833499,0.5274393189352893,0.4555600880865432,0.7978038848373383,0.6819309069874762,Phenotype_WheatStem,TabAttention,9
0.2665262880573911,0.6541463272805582,0.5499137425631287,0.6541737711599394,0.507346289431841,Phenotype_WheatStem,TabAttention,10
0.7669823090049251,0.3607961705919699,0.3013171015653306,0.9435251154411525,0.5773502691896258,Phenotype_MaizeStem,Ridge,1
0.7683627727095713,0.2745706238831903,0.22716331572472656,0.9051638499199058,0.7637626158259735,Phenotype_MaizeStem,Ridge,2
0.6923498279295619,0.4687473876409897,0.33801499081816166,0.8870835996362909,0.8371213775625378,Phenotype_MaizeStem,Ridge,3
0.37276032775897094,0.6055720170955354,0.4478589691086388,0.625942064738449,0.6546536707079772,Phenotype_MaizeStem,Ridge,4
0.11305378380531761,0.563667784420379,0.4207364838233062,0.7868211914359747,0.5645127977248884,Phenotype_MaizeStem,Ridge,5
0.13232033791511455,0.8502523169374926,0.3353728800388676,0.9393635198683152,0.5808178695515156,Phenotype_MaizeStem,Ridge,6
0.7171161262617385,0.3567255255387443,0.22082340048111582,0.8481285316543488,0.7325886315065459,Phenotype_MaizeStem,Ridge,7
0.3854261957734021,0.5851191748610396,0.36995846178036085,0.6439819407852891,0.6546536707079772,Phenotype_MaizeStem,Ridge,8
-0.4150630750036972,0.24096447796832365,0.164161673617781,0.04867294442738721,0.24892194409350665,Phenotype_MaizeStem,Ridge,9
-0.47731877602409334,0.2612820040232887,0.18580679858241672,0.1508929915822299,0.095831484749991,Phenotype_MaizeStem,Ridge,10
-0.20789016373633373,0.8214501145278266,0.7775267253094339,0.5499505055800569,0.5773502691896258,Phenotype_MaizeStem,SVR,1
0.3697905765127796,0.4528895898524367,0.4002123205023398,0.8159182225980876,0.7637626158259735,Phenotype_MaizeStem,SVR,2
0.43717315558703596,0.6340122962864737,0.5178723341555662,0.6722793502491087,0.5580809183750252,Phenotype_MaizeStem,SVR,3
0.2745092510849161,0.6512758561495382,0.5122053430401752,0.6209609659319952,0.5143707412705535,Phenotype_MaizeStem,SVR,4
0.8302181854337792,0.24661537958616994,0.17140991760244018,0.9146721217956818,0.95150257112482,Phenotype_MaizeStem,SVR,5
0.5135854117686582,0.6366070016498783,0.415415738575278,0.8226215104796806,0.5773502691896258,Phenotype_MaizeStem,SVR,6
0.4669094184106667,0.4897005547860784,0.41577311498144676,0.7752973107388301,0.7325886315065459,Phenotype_MaizeStem,SVR,7
0.3135302714752328,0.6183978963280327,0.4741080958887287,0.6433804518540247,0.6819309069874762,Phenotype_MaizeStem,SVR,8
-4.621612399181408,0.4802811869495827,0.3782968338695465,0.7502520996544904,0.5773502691896258,Phenotype_MaizeStem,SVR,9
-3.393181226908987,0.45056966509393914,0.3897706957461894,0.7809031967549256,0.7637626158259735,Phenotype_MaizeStem,SVR,10
0.11692819654184983,0.7023692360882016,0.49879896816694924,0.38938830799362417,0.4123930494211612,Phenotype_MaizeStem,RandomForest,1
-0.27531566156794884,0.6442563950944941,0.5472108293820964,-0.2218276721897756,-0.31173984319427483,Phenotype_MaizeStem,RandomForest,2
0.26113924160933344,0.7264263345275042,0.5731468003096246,0.7542218249926319,0.8371213775625378,Phenotype_MaizeStem,RandomForest,3
-0.40830419485706737,0.9073968670835225,0.6928878509730934,-0.26551671872648286,-0.09352195295828246,Phenotype_MaizeStem,RandomForest,4
0.06943361120483682,0.5773620741922565,0.45211690393788906,0.9080458602455351,0.80511756018254,Phenotype_MaizeStem,RandomForest,5
0.009632648617490913,0.9083772993575533,0.4236443022192912,0.5839839322820354,0.5773502691896258,Phenotype_MaizeStem,RandomForest,6
0.16043585478227584,0.6145497308040324,0.4700153114723432,0.46788184597656973,0.5923057020691221,Phenotype_MaizeStem,RandomForest,7
0.11171040702662438,0.7034522047818448,0.5312774495489344,0.44928013181807125,0.3273268353539886,Phenotype_MaizeStem,RandomForest,8
-1.2114066377367143,0.3012308383446598,0.25875198071718863,0.11985169899876456,0.08247860988423225,Phenotype_MaizeStem,RandomForest,9
-1.0959599851236437,0.31121740933798936,0.2915801581843777,0.02228584917698509,0.031173984319427486,Phenotype_MaizeStem,RandomForest,10
0.019384946823599147,0.7401448983901151,0.5668853586567598,0.2872190997812132,0.08247860988423225,Phenotype_MaizeStem,GBR,1
-0.6558070562952782,0.7340992090721331,0.5588809710527274,-0.38765210986884996,-0.48319675695112596,Phenotype_MaizeStem,GBR,2
-0.004039715546517719,0.8468095071811397,0.6876564915936965,0.29222814516806295,0.36782605983808475,Phenotype_MaizeStem,GBR,3
-0.8574759210596579,1.0421029740230765,0.7433250261806097,-0.28664393793009707,-0.06234796863885497,Phenotype_MaizeStem,GBR,4
-0.16269832438350162,0.6453689915087802,0.5032898783330763,0.7314981146294346,0.5855400437691199,Phenotype_MaizeStem,GBR,5
-0.13156871453545138,0.970976191125753,0.46421471742877035,-0.3035347946764091,-0.4123930494211612,Phenotype_MaizeStem,GBR,6
-0.255203910312505,0.7514277561905277,0.55359941898446,0.3186291230669016,0.31173984319427483,Phenotype_MaizeStem,GBR,7
-0.15907686765717943,0.8035509657169185,0.5983101380917261,0.2851527088490342,0.3818813079129867,Phenotype_MaizeStem,GBR,8
-2.434332758964572,0.37539312297529176,0.2632942650270099,-0.23077242539611442,-0.24892194409350665,Phenotype_MaizeStem,GBR,9
-3.516818124872259,0.45686584471520647,0.3462101499612913,0.24262463437992335,-0.10910894511799621,Phenotype_MaizeStem,GBR,10
0.7644665203858705,0.36273861981071964,0.2319565432307567,0.9395997112552785,0.5773502691896258,Phenotype_MaizeStem,MLP,1
0.6693525377071582,0.32804429439995275,0.221136159908313,0.8833409727589661,0.7637626158259735,Phenotype_MaizeStem,MLP,2
0.23290530419744548,0.7401756080021018,0.4519522121113507,0.7304427167295755,0.8676688508739642,Phenotype_MaizeStem,MLP,3
0.3396628974824819,0.6213436852002839,0.42157631264178275,0.5950230559511385,0.5143707412705535,Phenotype_MaizeStem,MLP,4
0.3380501309861339,0.4869530851587287,0.38896295121703006,0.9362158131454743,0.95150257112482,Phenotype_MaizeStem,MLP,5
0.6633414544923046,0.5296182433162344,0.18783799667569281,0.9999931275314307,0.7559289460184544,Phenotype_MaizeStem,MLP,6
0.5663902894646824,0.4416513791537949,0.2211384309993113,0.7597303894686085,0.7506799638749294,Phenotype_MaizeStem,MLP,7
0.3526609246692558,0.6005141147426827,0.3543773137937015,0.6426759645362323,0.6819309069874762,Phenotype_MaizeStem,MLP,8
0.6366012458229251,0.1221115778897395,0.07934552671054906,0.8574704399531224,0.5808178695515156,Phenotype_MaizeStem,MLP,9
-0.21816382822078428,0.23726038972123303,0.1562817545241661,0.11676558515350906,0.4860988656686286,Phenotype_MaizeStem,MLP,10
-0.0047926777787181685,0.749213687466296,0.5222719880971829,-0.24696781281561792,-0.24743582965269675,Phenotype_MaizeStem,PNNGS,1
-0.0057691478400869745,0.5721356983287393,0.47715399965938526,-0.2909742944240633,-0.34291382751370236,Phenotype_MaizeStem,PNNGS,2
0.46441942081637355,0.6184757693608031,0.4143811895338898,0.713409322221713,0.8624886920341298,Phenotype_MaizeStem,PNNGS,3
-0.6856229147115784,0.9927256705223988,0.7189099813674575,0.16581666523615737,0.266570345689248,Phenotype_MaizeStem,PNNGS,4
-0.010572035788380951,0.6016697950419289,0.47415167897354216,0.7900416331315578,0.80511756018254,Phenotype_MaizeStem,PNNGS,5
-0.0004722302058848271,0.9129996990151684,0.5860414778275451,0.013897519726608423,-0.08247860988423225,Phenotype_MaizeStem,PNNGS,6
0.6036416605635517,0.42225431015675785,0.4037482390137259,0.990577321538402,0.7637626158259735,Phenotype_MaizeStem,PNNGS,7
-0.04963421107151467,0.7646739524775772,0.6173838506185783,-0.14064992915160407,-0.5182674893104818,Phenotype_MaizeStem,PNNGS,8
-2.2074197276355925,0.36277973905427735,0.26444762761933577,0.13021510254819688,0.24892194409350665,Phenotype_MaizeStem,PNNGS,9
-1.0354833265978098,0.30669462464755304,0.23225597335709278,0.25493422190638365,0.4547376485287171,Phenotype_MaizeStem,PNNGS,10
0.4706720639253552,0.5437883257192083,0.38326820622104185,0.9914173700755239,0.5773502691896258,Phenotype_MaizeStem,ResGS,1
-0.0074309143028199465,0.5726081544205902,0.48363664925393063,-0.2909742944240633,-0.34291382751370236,Phenotype_MaizeStem,ResGS,2
0.05269629868757619,0.822535964927284,0.6175890506394801,0.418130827547745,0.012683657235796028,Phenotype_MaizeStem,ResGS,3
0.24830540671744228,0.6629331741128778,0.48935663948754793,0.5290980806543412,0.5143707412705535,Phenotype_MaizeStem,ResGS,4
-0.04209632892356563,0.6109821246952531,0.507654773730968,0.5766815402559051,0.7807200583588266,Phenotype_MaizeStem,ResGS,5
0.36932014608330666,0.7248908105963552,0.4227608808709345,0.9349366889532768,0.5773502691896258,Phenotype_MaizeStem,ResGS,6
-0.021658672681981184,0.6779271142221772,0.5795897786055134,-0.25925430148614603,-0.04676097647914123,Phenotype_MaizeStem,ResGS,7
0.36672739483694805,0.5939537911686588,0.5128546731978056,0.6410177999929312,0.5455447255899809,Phenotype_MaizeStem,ResGS,8
-2.5099921531921434,0.37950560881986095,0.3742112432312289,0.09080245428971198,0.08247860988423225,Phenotype_MaizeStem,ResGS,9
0.04461295985799052,0.21011742145836548,0.17936529594764833,0.4563205576932936,0.48319675695112596,Phenotype_MaizeStem,ResGS,10
0.3571930473061975,0.5992496029026121,0.46382905368094846,0.6647215411107914,0.5773502691896258,Phenotype_MaizeStem,TabAttention,1
0.3896008872345008,0.4457145776781887,0.32815735561605386,0.6489653306114933,0.7325886315065459,Phenotype_MaizeStem,TabAttention,2
0.3808475436764611,0.6649807590265724,0.46838430136789067,0.937481018065066,0.8038696706626434,Phenotype_MaizeStem,TabAttention,3
0.14706629054700138,0.7061657964593168,0.5244118784472179,0.3926058066603491,0.4052617961525573,Phenotype_MaizeStem,TabAttention,4
0.046795918483962695,0.5843425589326227,0.45855391319411787,0.7549077627876973,0.6758378183830472,Phenotype_MaizeStem,TabAttention,5
0.46766448068131183,0.6659794638788407,0.2855750115829049,0.9818982748998923,0.5916079783099616,Phenotype_MaizeStem,TabAttention,6
0.672524548443367,0.3838128104698775,0.1922792871214969,0.8567839715252887,0.7506799638749294,Phenotype_MaizeStem,TabAttention,7
0.41392223386627736,0.5713930203830462,0.4292728698312638,0.6454253460067858,0.6819309069874762,Phenotype_MaizeStem,TabAttention,8
-0.8073636044804151,0.27232523827514965,0.22204949601405055,-0.04918344824560257,-0.08247860988423225,Phenotype_MaizeStem,TabAttention,9
-1.7858189668231335,0.35879702641211836,0.30725350263336737,-0.1418301720089367,0.031173984319427486,Phenotype_MaizeStem,TabAttention,10
-0.9816964772629764,0.26769819715275617,0.21239319118943706,0.6943795826107886,0.5773502691896258,Phenotype_SoybeanStem,Ridge,1
0.06552531673016249,0.9477485354121187,0.5138913471890394,0.4522636763949703,0.6136008670922699,Phenotype_SoybeanStem,Ridge,2
0.10298170804603413,0.5739644794642333,0.30777926867641353,0.5306445253410411,0.43592864528932224,Phenotype_SoybeanStem,Ridge,3
0.4760603709707908,0.6403588905328419,0.4883231971605122,0.7487667631712392,0.5773502691896258,Phenotype_SoybeanStem,Ridge,4
0.8981374440053471,0.3784341254680031,0.28988345906643065,0.9709154679969214,0.8728715609439696,Phenotype_SoybeanStem,Ridge,5
0.5486078851520382,0.6332582802701832,0.2758884561163889,0.9854762545442542,0.5916079783099616,Phenotype_SoybeanStem,Ridge,6
-0.715799040565702,0.46208403836852086,0.3594195456499609,0.7933840447345861,0.5808178695515156,Phenotype_SoybeanStem,Ridge,7
0.5559793374403902,0.8128036940057846,0.5289536845153257,0.8354483595413453,0.7325886315065459,Phenotype_SoybeanStem,Ridge,8
0.6655512204667655,0.3506410125681468,0.22623870054519563,0.8973172632739577,0.8944271909999159,Phenotype_SoybeanStem,Ridge,9
-2.3604898363957862,1.117759724787781,0.5282338030625517,0.8834992240132815,0.7910398521054723,Phenotype_SoybeanStem,Ridge,10
-13.143780885740698,0.7151705750142334,0.6210988296360285,0.3409089618578428,0.4123930494211612,Phenotype_SoybeanStem,SVR,1
0.29529462455616107,0.8230252211151623,0.6760449014180209,0.5876478474017326,0.4879500364742666,Phenotype_SoybeanStem,SVR,2
0.2540486910500934,0.5234070968379241,0.3616392456768419,0.6151081694393897,0.6311444949407194,Phenotype_SoybeanStem,SVR,3
-0.14237887319168374,0.9455574064686633,0.7433977661859632,0.3973961432483271,0.4123930494211612,Phenotype_SoybeanStem,SVR,4
0.46674618442033644,0.8658646177905257,0.5485860169302254,0.7891713342210038,0.8455943246644704,Phenotype_SoybeanStem,SVR,5
0.49716244096403217,0.6683712305028305,0.43801590592424255,0.7960565835748118,0.5773502691896258,Phenotype_SoybeanStem,SVR,6
-5.208527384780094,0.8789862010862082,0.6781551984870127,0.4023152871046404,0.24743582965269675,Phenotype_SoybeanStem,SVR,7
0.22526336106422062,1.0736460385662803,0.9409409569106099,0.5329365740080623,0.5923057020691221,Phenotype_SoybeanStem,SVR,8
0.834940536846674,0.24633046018445545,0.14561817735800037,0.9254642515074083,0.8506730149201001,Phenotype_SoybeanStem,SVR,9
0.6982847412393884,0.3349236389222742,0.3054895092307699,0.9109471082799008,0.8455943246644704,Phenotype_SoybeanStem,SVR,10
-2.9057034561556727,0.37581707727006886,0.3224573413768721,0.10312146114599519,0.24743582965269675,Phenotype_SoybeanStem,RandomForest,1
-0.2555722034985435,1.0985762307749862,0.6970302575511524,0.2190172506468271,0.4147575310031267,Phenotype_SoybeanStem,RandomForest,2
-0.04701790398989436,0.6200995566123393,0.4864818253212586,0.254746067388719,0.3273268353539886,Phenotype_SoybeanStem,RandomForest,3
-0.34030110116812384,1.024198196070064,0.7242394676856201,0.03605934964463676,0.24743582965269675,Phenotype_SoybeanStem,RandomForest,4
0.23309316990647655,1.038375207444117,0.721168906413579,0.8740290940914053,0.6546536707079772,Phenotype_SoybeanStem,RandomForest,5
0.12065270300075681,0.8838612813524395,0.44387621192394633,0.6859763369302827,0.5773502691896258,Phenotype_SoybeanStem,RandomForest,6
-1.6197002423266174,0.5709703507810777,0.5037121027426718,-0.24445253270893852,-0.24743582965269675,Phenotype_SoybeanStem,RandomForest,7
0.16489426299160026,1.1146918146506013,0.8341684979416295,0.7412648458078619,0.5923057020691221,Phenotype_SoybeanStem,RandomForest,8
0.16395814261230357,0.5543855664112668,0.43568402838682774,0.5162588830045908,0.600099198148979,Phenotype_SoybeanStem,RandomForest,9
0.33624153056471595,0.49676638641771903,0.3600279244635147,0.7752525478336949,0.7637626158259734,Phenotype_SoybeanStem,RandomForest,10
-9.831691864932889,0.625856873363232,0.45693378488992187,-0.23961007449358152,-0.08297398136450222,Phenotype_SoybeanStem,GBR,1
-0.30609797171662856,1.120462250975279,0.6296148630366444,0.26309797139902535,0.6099375455928333,Phenotype_SoybeanStem,GBR,2
-1.5149204033262733,0.961051119339295,0.6873888520013677,0.21942132914902046,0.1091089451179962,Phenotype_SoybeanStem,GBR,3
-1.0131289436804765,1.2552164316822345,0.8170596222830344,0.019005066747459762,0.4123930494211612,Phenotype_SoybeanStem,GBR,4
0.24618381894576968,1.0294748355598264,0.6587021311535479,0.8189078372946972,0.5455447255899809,Phenotype_SoybeanStem,GBR,5
0.3617681643347189,0.7529967898788099,0.3429827760688263,0.8850155997668255,0.5808178695515156,Phenotype_SoybeanStem,GBR,6
-3.1705089211241813,0.7204142322749261,0.543608250477442,-0.26228744991736164,-0.08247860988423225,Phenotype_SoybeanStem,GBR,7
0.07958895485100437,1.1702401363970258,0.9001231599381913,0.31295080673941744,0.09352195295828246,Phenotype_SoybeanStem,GBR,8
-0.31951218378380863,0.6964735155586226,0.5161656018192413,0.016365632032278643,0.3546040716334876,Phenotype_SoybeanStem,GBR,9
-0.2545064051532546,0.6829416593416682,0.4602924280141947,0.09722799559980469,0.5182674893104818,Phenotype_SoybeanStem,GBR,10
0.475918833381187,0.1376658289796241,0.08735021311705574,0.7106504659385661,0.5808178695515156,Phenotype_SoybeanStem,MLP,1
0.053998181618075236,0.9535760560771199,0.5600524227171613,0.5130374100891294,0.5890568324085791,Phenotype_SoybeanStem,MLP,2
-0.14506130939725193,0.6484832112088565,0.32822195355730954,0.38882759118399385,0.6785714285714285,Phenotype_SoybeanStem,MLP,3
0.29559204561657315,0.7424974135065887,0.49686391926684387,0.5610527896184547,0.42257712736425823,Phenotype_SoybeanStem,MLP,4
0.7125641537147143,0.6357018445283283,0.3722281299143437,0.9851095699723516,0.8781140799175227,Phenotype_SoybeanStem,MLP,5
0.5385878287487217,0.6402482737056915,0.24805402750968236,0.9977837141911575,0.5916079783099616,Phenotype_SoybeanStem,MLP,6
-1.4262682398016069,0.5494866725990912,0.38474769172983037,0.6483392812625572,0.5773502691896258,Phenotype_SoybeanStem,MLP,7
0.5125862051341085,0.8515947721635523,0.4929819190434792,0.8576868920703022,0.7325886315065459,Phenotype_SoybeanStem,MLP,8
0.33422026911192937,0.4947242385042191,0.317168666416696,0.8611437446332074,0.8427953808926897,Phenotype_SoybeanStem,MLP,9
-0.9792663111126414,0.8578261481744938,0.3963094247641115,0.8986892559453967,0.8728715609439696,Phenotype_SoybeanStem,MLP,10
-0.14543637330694037,0.20352246906331717,0.16453277710807074,0.6915968458452555,0.5773502691896258,Phenotype_SoybeanStem,PNNGS,1
0.12143099628035692,0.9189614440899025,0.622964629634769,0.4355835920226987,0.3903600291794133,Phenotype_SoybeanStem,PNNGS,2
0.40243355636370626,0.46846534321261113,0.32506952155509306,0.7571392098482967,0.7637626158259734,Phenotype_SoybeanStem,PNNGS,3
0.4030921722447547,0.6834967541170628,0.5219795446835589,0.7067545526938466,0.5808178695515156,Phenotype_SoybeanStem,PNNGS,4
0.6535119224749693,0.6979545697932981,0.6098278896777685,0.8940424715278558,0.4637130167514838,Phenotype_SoybeanStem,PNNGS,5
0.4974208504201536,0.6681994696247628,0.4295681480339825,0.9986175581399155,0.5773502691896258,Phenotype_SoybeanStem,PNNGS,6
-1.006828130074608,0.49973854353922365,0.48224458161947026,0.7673420931655237,0.5773502691896258,Phenotype_SoybeanStem,PNNGS,7
-0.06767233123743299,1.2603845547024375,0.8732547309340429,0.35496490791524793,0.23380488239570615,Phenotype_SoybeanStem,PNNGS,8
0.5671626811279706,0.3988965251901502,0.3513120905662115,0.875619915300716,0.7910398521054723,Phenotype_SoybeanStem,PNNGS,9
0.336827070329601,0.4965472248818916,0.478920951872711,0.814203672822305,0.4364357804719848,Phenotype_SoybeanStem,PNNGS,10
-6.778556025069497,0.5303668482834577,0.4993151099324028,-0.29235585561555055,-0.24743582965269675,Phenotype_SoybeanStem,ResGS,1
-0.35108083707975957,1.1395936460193696,0.8801652864198822,-0.036199454430077355,-0.14638501094227999,Phenotype_SoybeanStem,ResGS,2
0.017871858847733568,0.6005766516401106,0.5098130943012309,0.2938906095885986,0.3818813079129867,Phenotype_SoybeanStem,ResGS,3
0.018936451882212824,0.8762567756558859,0.7831236358649406,0.5000504355528648,0.4123930494211612,Phenotype_SoybeanStem,ResGS,4
-0.03682234638865789,1.2073555473123083,0.8712209040193611,0.4314365101665283,0.3273268353539886,Phenotype_SoybeanStem,ResGS,5
0.4286718715791634,0.7124373773103645,0.5329449454343975,0.9951837427373922,0.5773502691896258,Phenotype_SoybeanStem,ResGS,6
-0.9149719657688606,0.4881676172747777,0.3988474474122812,0.5593581746621863,0.5773502691896258,Phenotype_SoybeanStem,ResGS,7
-0.07949831297758858,1.267345603064514,0.9782325106408123,-0.0340396435047825,0.10910894511799621,Phenotype_SoybeanStem,ResGS,8
0.35058946240947764,0.4886046206923251,0.44772777871034775,0.8183413089296758,0.7910398521054723,Phenotype_SoybeanStem,ResGS,9
0.03725502426627081,0.598277670980079,0.41540178089926105,0.28781678532397725,0.3818813079129867,Phenotype_SoybeanStem,ResGS,10
-2.4394310264697325,0.3526713497960487,0.22948406372135147,0.32888634148347373,0.24892194409350665,Phenotype_SoybeanStem,TabAttention,1
-1.0028974912494255,1.3875182792598655,1.0393369538825388,0.10728266213891577,-0.2577123641787534,Phenotype_SoybeanStem,TabAttention,2
-24.183113460954814,3.0411586568018922,1.2775329301897813,0.5891057661876307,0.7957908849252548,Phenotype_SoybeanStem,TabAttention,3
-0.013786925733223931,0.8907506796688098,0.5966091201633346,0.22552501330636493,0.24892194409350665,Phenotype_SoybeanStem,TabAttention,4
0.2714467845008359,1.0120772136629972,0.6658951360725964,0.811270580071513,0.4472135954999579,Phenotype_SoybeanStem,TabAttention,5
0.3690631323403485,0.748681058522238,0.36176760026289556,0.9045893141463787,0.5773502691896258,Phenotype_SoybeanStem,TabAttention,6
-0.5016949022455992,0.4322934049367471,0.3528044939894944,0.3334074958802356,0.24743582965269675,Phenotype_SoybeanStem,TabAttention,7
0.41384413963156763,0.9338790527968146,0.7181129479871584,0.8071281546785334,0.7325886315065459,Phenotype_SoybeanStem,TabAttention,8
-0.026063830590243198,0.6141650426367995,0.3897404180867974,0.3852376608643,0.521380234951029,Phenotype_SoybeanStem,TabAttention,9
-12.839639317193035,2.2683473050950105,1.0713152070308885,0.8946873760598948,0.8728715609439696,Phenotype_SoybeanStem,TabAttention,10
